46889335859,BÁO MỚI,1371597,News & Media Website
71109361250,Báo Thanh Niên,1398836,Media/News Company
169844909862791,Báo điện tử VTV,873828,Newspaper
152570468273884,Báo Lao Động,251442,Media/News Company
425091194180717,Báo Phụ Nữ,70696,Newspaper
1415219172074902,Báo Pháp Luật,746595,Newspaper
1123344627678470,Ếch và Báo,135257,Arts & Entertainment
145938225800678,Báo Công an nhân dân,503459,Newspaper
195580593877654,Báo Nga,59435,Journalist
385904888147475,Báo Du Học,1690716,Broadcasting & Media Production Company
528846450635447,Báo Công An .,271897,Retail Company
203405103466983,Báo Bóng Đá,176494,Website
159101474256500,Báo Công Giáo,119486,Journalist
539581209475168,Báo Hà Tĩnh điện tử,51454,Newspaper
866031320078599,Báo Đời Sống Pháp Luật,701352,News & Media Website
226674227489689,Đọc Báo Trực Tuyến,131866,Community
295322894189561,Nhật Báo,54873,News & Media Website
102790913161840,Báo Tiền Phong,130710,Newspaper
1456060158039641,Báo Pháp Luật TP.HCM,130704,Newspaper
102499926790,Báo Thiên Thần Nhỏ,428704,Magazine
422156777959529,Báo Công Giáo,72320,Religious Organization
1646450148926807,Cộng Hòa Thời Báo,249884,Newspaper
1575387692748217,Baozi,45319,Taiwanese Restaurant
138739656820840,Bão+,13079,Community
1329154377156927,Báo Tổng Hợp - Baotonghop.Vn,42446,Community
838169342915183,Báo Nhật,76243,Public & Government Service
725741187572760,Cảnh Báo,547338,Organization
358085377874981,Nhà Báo Xăm Hình,102877,News & Media Website
791943760967394,BAO,10540,Restaurant
153084064884,Báo Thể thao & Văn hóa,188718,Recreation & Sports Website
166642980016151,Báo Bóng đá,247997,Newspaper
835437133180903,Báo Công an TPHCM,114391,Publisher
521218541321293,Nhân Quả _ Luân Hồi _ Nghiệp Báo,236978,Community
881821441833819,Dự báo thời tiết VTV,473704,TV Show
1511019835648742,Giải Trí 24h - Báo Tuổi Trẻ,20726,TV Channel
102479500372343,Báo điện tử VOV,203921,News & Media Website
400202166812077,Đọc báo thay bạn,1209678,Community
1618297971775538,Báo Mua Bán - muaban.net,187455,Real Estate Service
348264028587732,Bảo Anh,1204741,Musician/Band
1090653287683030,Báo Infogame,70229,Newspaper
288793654561838,Đọc Báo Vẹm,183767,Media/News Company
651876364974057,Phim Lôi Báo,81664,Movie
992242054161983,Báo Giải Trí,84220,Travel Company
134117306645595,Bảo Thy,5825759,Musician/Band
1201452589973500,Báo Dân Trí,46726,Community
155482604507066,Dân Làm Báo VN,316790,Media
1103459989686737,Báo Đời Sống Pháp Luật,175697,Newspaper
252404895165586,Đọc Báo Online,136191,Community
139963206627397,Cộng Hòa Thời Báo - Trang Phụ,19864,Newspaper
651504268200230,Hội Nhà báo,112717,Community
418301344853866,Dự báo thời tiết Hà Nội,265644,Media/News Company
164932610901288,Bảo My,23207,Actor
405895962809328,Otaku Thời Báo,251036,Non-Governmental Organization (NGO)
288520834502150,Học viện Báo chí và Tuyên truyền,42630,College & University
128475834500148,Báo Sức Khỏe Và Đời Sống,5930,Community
363784017045795,Truyền hình - Báo Tuổi Trẻ,233851,TV Channel
179432258926030,Báo Tin tức,42372,Newspaper
1788044501424520,Bảo Kun BAK,67851,Artist
1920460938165333,Phản biện báo chí - Góc nhìn và bình luận,42438,Newspaper
1304421079592337,Báo VN Online,19550,News Personality
319342941461293,Thời báo Kinh tế Sài Gòn,30975,Magazine
386519731721641,Tô Trần Di Bảo,201717,DJ
978924378817547,Hiếu Bảo Lộc,391164,Just For Fun
281915928988642,báo công an rồi,18868,Entertainment Website
127747944592353,Báo Pháp Luật 24h,156865,Public Figure
1783906445234936,Đồng Hồ - Bảo Tín - Hạ Long,68486,Jewelry & Watches Store
371625343276410,Cùng Xem Báo,10153,Website
839431262796959,Báo Bóng Đá Số,122129,Sports Team
346387008839493,Baozi & hana,350489,Public Figure
1531068063821557,BÁO BÌNH LUẬN,70849,Magazine
491296634329985,Bảo My,893045,Artist
1824724801072644,Quang Bảo,39094,Public Figure
1080596375369092,Bảo Phương Shop - Chăm Sóc Mẹ Và Bé,67777,Child Care Service
610664465719399,"XWatch.vn - Số 1 Bảo Hành, Hậu Mãi",359593,Computer Store
516057548734570,Bảo Trúc Store,24729,Clothing Store
224418611396718,Bão Mạng,123767,Media/News Company
813115652108537,Chợ Bảo Hộ - Đồ phượt & bảo hộ xe máy,51113,Outdoor & Sporting Goods Company
180034058717822,Bảo Bình - Aquarius,367266,News & Media Website
234810313668396,Bảo Đỗ - Bedding,24578,Home Decor
1765336520353138,Princess Bánh Bao,65801,Public Figure
241079359383514,BẢO TÍN MINH CHÂU,94701,Jewelry/Watches
1765614447065242,Báo Phụ Nữ Việt,11173,Community Organization
1833062703621963,Lê Bảo Bình,1316452,Artist
132056450682052,Bao Bao Anywhere,28444,Brand
1677742002498070,Pinky Bảo Trân,594574,Artist
408308732570405,Bảo hiểm Nhân thọ Prudential Việt Nam,231777,Financial Service
798479880256787,Bảo SuZu,142021,Public Figure
834300496620178,Bảo Tuyết Mobile,119418,Mobile Phone Shop
1099952003372476,Mũ Nón Bảo Hiểm 3/4 Dammtrax,43795,Shopping & Retail
1989380191305279,Bảo Anh Shop - Trao Niềm Tin Nhận Sắc Đẹp,24903,Health/Beauty
1541468986089796,Baobao Cosplayer,137145,Fictional Character
581147905324266,"Hebei Baofeng Steel Structure CO.,LTD",187456,Real Estate
437428043006180,Mũ bảo hiểm độc Hà Nội,129265,Accessories
1659050120984213,กระเป๋านำเข้าจากต่างประเทศ by WR BaoBao,78865,Bags/Luggage
913174315381931,Đại Bảo Tháp Mandala Tây Thiên,49598,Religious Organization
1787914501460803,Vạn Vạn Bảo Bối,206052,Community
1279966712092124,Baobao國外連線代購,47761,Website
1717015988437533,Đọc Báo Cùng Bạn,537137,News & Media Website
602947433058259,"Nón Trùm - Nón bảo hiểm An toàn, Sạch và Thơm",51548,Insurance Company
1767047610251849,Mỹ Viện Thảo Nguyên Tại Bảo Lộc,29611,Beauty Salon
491296634329985,Bảo My,893045,Artist
1864259517152049,Thời Báo Ngày Nay,15565,News Personality
552480361529154,Báo Đầu tư Chứng khoán,29497,Media/News Company
211871785823075,Đọc Báo 24h,119583,Steakhouse
1824724801072644,Quang Bảo,39094,Public Figure
1080596375369092,Bảo Phương Shop - Chăm Sóc Mẹ Và Bé,67777,Child Care Service
610664465719399,"XWatch.vn - Số 1 Bảo Hành, Hậu Mãi",359592,Computer Store
516057548734570,Bảo Trúc Store,24729,Clothing Store
261180688723,BAO Publishing,70530,Publisher
224418611396718,Bão Mạng,123768,Media/News Company
426023734216206,Thoitiet.Tv - Kênh thông tin dự báo thời tiết,19756,Community
813115652108537,Chợ Bảo Hộ - Đồ phượt & bảo hộ xe máy,51114,Outdoor & Sporting Goods Company
234810313668396,Bảo Đỗ - Bedding,24578,Home Decor
180034058717822,Bảo Bình - Aquarius,367266,News & Media Website
1717249678560356,Nón Bảo Hiểm 3/4 HCM,49840,Hat Store
166467213904115,Skinaz Hàn Quốc - Baomei Cosmetic,9753,Beauty Store
1765336520353138,Princess Bánh Bao,65801,Public Figure
241079359383514,BẢO TÍN MINH CHÂU,94705,Jewelry/Watches
1765614447065242,Báo Phụ Nữ Việt,11173,Community Organization
468618513525512,Son Môi Hân Gia Bảo,8448,Personal Blog
1510976529211164,Bảo Ngọc Jewelry - Trang Sức Ngọc Trai Tự Nhiên,29073,Jewelry & Watches Store
515904508762042,Bánh Bao Chiên,8248,Public Figure
1833062703621963,Lê Bảo Bình,1316456,Artist
979809732113192,Báo Hay Mỗi Ngày,109729,Residence
1386358051604205,Đọc báo 24h,53619,Society & Culture Website
139234013230711,Báo Phụ nữ Plus,24323,Entertainment Website
132056450682052,Bao Bao Anywhere,28459,Brand
1677742002498070,Pinky Bảo Trân,594573,Artist
225520097566651,Nội thất ô tô Bảo Hà - www.baoha.vn,42323,Automotive Parts Store
408308732570405,Bảo hiểm Nhân thọ Prudential Việt Nam,231776,Financi1815793691983523,TintucVietnam.vn,9269,Community
728480703947745,Tintuc24h,3846,Community
1006469972758626,Tintuc.info,3878,Community
433176903429237,Hongloc Tintuc,2188,Author
107345399338283,Tintuc.OHO.vn,2714,Telecommunication Company
1030419393694434,Tintucxetai,4498,News & Media Website
111443612860476,Tin Tức 24h,118839,Community
670016036441571,tintuc.buzz,9070,Magazine
852356934820670,Hội những người yêu thể hình - Tintucthehinh.com,59439,Community
829277823819896,Cbiz: Chuyện chưa kể,35641,Entertainment Website
337962056385764,Soha.vn,342866,Media/News Company
564792386870348,Tintuc30s.net,140364,Other
142227723084555,Thánh Hóng,140183,Magazine
1407588969570486,Tin tức 24h,135422,News & Media Website
1782891885318074,Tin Tức 24h Online,88917,Media/News Company
308251319276492,Tin tức Đak Lak 24h,31630,Community Center
363765310472453,Cafe 999,74512,Personal Blog
382614075250194,VTC1 Tin Tức,341347,TV Channel
160799904084489,Quảng Trị PLUS,61776,Community Organization
1915723535370943,Tintucbitcoin.com,3627,Computers & Internet Website
1641949056070611,Tintuc4m.com,6963,Personal Blog
786299671443380,MSN Việt Nam,29186,News & Media Website
620734114683938,Phim cấp 3,109102,Entertainment Website
303418650134632,BH VN,16695,TV Network
109258945829149,TIN TỨC 24H,103721,News & Media Website
568482863270850,Tin tức Đài Loan,13520,Education
178971732632559,TIN TỨC SƠNLA,13856,Personal Blog
1574872969401485,Tin Tức Huế,33180,Media/News Company
618846631461138,Tintucuero,1498,Business Service
148623635920423,Góc giải trí  SamsungVietnam 24h,1221,Industrial Company
313489072189389,Tintuc24h,7610,Community
212999438881413,Tintuc24h,2123,Magazine
1632657520119908,Tin Tức News,1388,Business Service
338723806334557,Korea News,196090,News & Media Website
1658845107662544,Tintức 18+s,1585,Biotechnology Company
1296044733778792,Xã Hội 24/7,1109,Just For Fun
1562201567411383,Tintuc24.com,2169,News & Media Website
135437863804045,Tin Tức 24h,64229,Home
1746061688984473,24h Online,1001,Media/News Company
1736682426653148,Tin tức 24h,49049,Community
441917115845860,TinTuc24h,2525,Community Organization
428990783960641,Tin tức Audio,2002,Community
1490293367956904,TIN TỨC CHÂU ÂU,12425,Newspaper
1546014875629114,Voa tintuc tieng viet.com,7332,TV Show
1668489206727219,Tin tức 24h,3034,Media/News Company
1015489968485367,TinTức Tổng Hợp,1675,Community
1652013918393338,Tin Tức Online 24H,4429,Community
1645475392331571,TinTức Tổng Hợp,1847,Community
840109829370155,TinTức Quân Sự,4779,Community
486732594841935,Bà Tổ TinTức 18+g,3341,Biotechnology Company
1703352033269949,Tin tức Móng Cái 24/7,80031,News Personality
321800331329674,Tintuc24h,1276,Magazine
554439774630097,internet47.net,6682,Computers & Internet Website
373742676143466,Tin tức Việt Nam,1393,Community
1501415763442933,TIN TỨC 24H,3485,Company
1563070213973836,Báo điện tử Tintuc.vn,5041,News & Media Website
1494488694133706,Chuyển động 24h,12399,TV Show
79276294968,Tin tức | Tin mới | Tin trong ngày | Tin tức hàng ngày,13658,News & Media Website
727661837322935,Tin Tức 24H,25069,Computer Repair Service
1472729129653888,Best Buy Việt Nam - Mua sắm thông minh,6884,Shopping & Retail
303870506332737,Pháp luật và cuộc sống,9811,News Personality
1359093607497689,Hội Những Người Mê Đọc Tin Tức,62738,News & Media Website
184331515378565,Nghệ Tĩnh Quê Mình,1618,TV Network
1509140162650662,Tin tức 23h daily,31220,Business Service
327104234002061,TinTucTiengAnh.com,2141,Education
1862410183998799,Củ Chi News,2010,Community
238566106556023,Tin Tức Nam Định - Tintucnamdinh.vn,1058,Community Service
984884874989012,Tin Tức 24H,1344,Business Service
632555733611613,TIN TỨC BÌNH ĐỊNH,1334,Community
203292693375539,Tintucbatdongsan VN,3907,Landmark & Historical Place
1257532001035748,Tin Tức 24h - Kênh Giải Trí,5262,Arts & Entertainment
558837034277874,Nguyễn Phương Ngân,2145,Local Business
343209322525337,Tin Tức - HTV,3182,Broadcasting & Media Production Company
899785466774449,Xứ Nghệ Ngày Nay,3758,Media/News Company
905378882841706,Tin Tức 365,6254,Community
413921688711708,Trang tin tức tổng hợp - Tintuctravinh.vn,3516,Landmark & Historical Place
121710061844501,TinTức Tổng Hợp,1021,Personal Blog
196379347418134,News30s.net,1321,Books & Magazines
153981775242290,Tin Tức Xứ Nghệ,1938,Blogger
174655062547839,Tin Tức 24 Giờ,2133,Sports Bar
660910470601904,Có Gì Mới Sáng Nay?,6181,TV Show
1159634350767863,Tin tuc 24h online,1663,Newspaper
1678407552443323,Tigôn Shop,11185,Travel Company
190700897790328,Tin Tức 24h,43796,Community
138852722986464,Htviet - Thông tin kinh doanh và công nghệ,1911,Web Designer
1787124824861773,Thông tin tổng hợp,3140,Personal Blog
1605852746357058,Thích Là Click,37290,Community
1059361144152832,Tin Tức Tổng Hợp 24h,2910,Magazine
194331320679730,Tin tức 7 ngày,1552,Personal Blog
868690463201299,Tin tức giải trí 24h,1289,News & Media Website
228107470683764,Tin tức 247,2380,Community
539747916070636,TIN TỨC 24H,17192,Community
456626561196068,Tin Tuc Youtube,2909,Organization
156040064480207,Cong1.com,3601,Personal Blog
886302891443377,Tin Tức City Siêu Nhanh,1190,Sports League
420887277968069,Tốp 5 Tin Tức,1490,Entrepreneur
829826660370340,Hội Hotteen Sociu xx,4521,Library
1375223612698316,Thế Giới Showbiz,1179,Community
801595366550666,TIN TỨC 365,1336,Magazine
1551341095127085,Tin Tức 24/24,3484,News Personality
439783932852959,Tin Tức 24h,4531,Landmark & Historical Place
420652468029985,Tin Tức 24/7,8085,News Personality
658803147544512,Tin Tức 24h,1220,Magazine
1400760766820936,Tin Tức 24h,6352,Arts & Entertainment
158786210943886,Petrotimes 24h,1559,Community
326223711138802,Thời Sự TV,3005,Community
1415260952076048,Kenhtin247,2584,News Personality
280148378702214,Lặng?,8665,Community
375860492574109,Tin tức 24h,2247,Community
1539942056227775,Tin Tức 247,3283,Media/News Company
751843501505212,Toàn cảnh Man Utd,1637,Sports Team
1456596111337704,Tintức 18+y,1295,Biotechnology Company
436925129827151,Tintức 18+z,1378,Biotechnology Company
968828993180768,Tintức 18+g,1365,Biotechnology Company
1487149848245609,Tintức 18+w,1221,Biotechnology Company
1624111781170187,Tintức 18+q,1528,Biotechnology Company
811871198928547,Tintức 18+s,1481,Biotechnology Company
870044709730952,Tintức 18+q,1258,Biotechnology Company
866232946787742,Tintức 18+a,1052,Biotechnology Company
1631595503775789,Tintức 18+x,1151,Biotechnology Company
132472273584528,Tintucmoi.vn,1607,Community
341351609367991,Tintuchit.com,1226,Website
659777487486511,Tin tức 12h,27784,Community
1542046526113018,Tin tức đại chúng,64961,Public Figure
653998774613751,Tổnghợp,1190,Coffee Shop
375166362867204,Thời Trang,1085,Community
163017643858137,Tin tức 24h cập nhật,1118,Book
1633782653551358,Tintức 18+r,1489,Biotechnology Company
868906573186973,Tintức 18+f,1395,Biotechnology Company
1062927977060150,Tintức 18+c,1265,Biotechnology Company
1487722061540290,Tintức 18+s,1606,Biotechnology Company
1648005742123700,Tintức 18+a,1156,Biotechnology Company
595844220554132,Tintứcxônxa8,1277,Community
661219470677889,Hội ThíchĐọc TinTức HOT,1508,Community
46889335859,BÁO MỚI,1371791,News & Media Website
222211721245109,Bao-moi.com,28719,Accessories
1765259467082443,Báo Mới,3007,Sports & Recreation
1483180508597376,Báo Mới 24h,60892,Community
1666207196924310,Báo Mới Online 24h,20276,Journalist
1262561213794980,Báo Mới 24h,4212,Community
230595223768648,Báo mới Quảng Ngãi,1838,Library
909739022412590,Báo Mới Fanpage,326079,Health/Beauty
126111311417023,Báo Mới Nè,1171,Magazine
127625254101589,Thông Tin Bảo Vệ Môi Trường,4197,Environmental Conservation Organization
294406041065777,Báo Mới 24h,4426,Business Service
144458519519672,Báo Mới Tổng Hợp,6009,Community
747004372022872,Báo mới,1333,Magazine
1448879932053744,Báo Mới Online,5544,Newspaper
1491518521122252,Báo Mới,16622,Interest
1446418122337355,Báo Mới,18307,Teens & Kids Website
396473047071977,Báo mới,1682,Magazine
970169356334471,Báo mới 24h,17554,Magazine
522366981251464,Báo Mới Online,5004,Community
316475185216049,Báo Mới,2861,Amateur Sports Team
209192885813521,Báo mới,11132,Nonprofit Organization
959661527497422,Báo Mới,1350,News Personality
1621235028097240,Báo Mới,2840,Local Business
1884003788594249,SHARE BÁO MỚI,1775,Advertising/Marketing
237637669692372,"Cho Thuê Xe BẢO NGỌC - 0966.102.777 - Xe Đời Mới, Giá Rẻ",3316,Automotive Service
1384957071611511,Báo Mới Đây,3958,Magazine
468618513525512,Son Môi Hân Gia Bảo,8451,Personal Blog
1086038201409976,Tư Vấn Thuê Bao Nhà Mạng - Điện Thoại Cũ Mới Korea,2540,Phone/Tablet
966345366821589,Răng sứ Thế Hệ Mới Zolid - Diamond - Bao An dental,1073,Doctor
232004070177916,Báo Hà Nội Mới,2702,Newspaper
1566351240264158,Báo Mới - Báo Công Lý,2354,Bookstore
189043331516627,Báo Net - Tin tức 24h mới nhất - baonet.mobi,6198,App Page
979809732113192,Báo Hay Mỗi Ngày,109726,Residence
183169945221083,Thời Báo Mới Net,7741,Sports & Recreation
1813672232203416,Báo Mới Hay,2404,Community
133540026752069,Báo Mới Hà Tĩnh,2510,News & Media Website
1513154805679928,Trang Báo Mới,1896,News Personality
198046900393593,Đọc báo tin tức tin mới báo mới dân trí,1168,Website
1519177551727318,Báo Việt Mới,5300,Community
386131855098880,Tin Báo Mới,1435,News Personality
400330076770401,Báo Mới Đê,1560,Community
1041560485880227,Báo Mới 24H,4258,Community
183497995118881,Báo Mới Hàng Ngày,1590,Magazine
153404848191808,Báo Phụ Nữ Mới,5247,Newspaper
496395287133955,Báo Mới Thời Đại,1064,Newspaper
404620749693504,Báo Công an mới,2447,Interest
153023408395340,BaoMoi.com,3055,News & Media Website
1631208053853019,Báo Mới - Báo An Ninh Công Nghệ,1691,Magazine
1503172606585016,Túi Giấy Tái chế Bảo Vệ Môi Trường,7932,Product/Service
1321271617888425,Tảo xoắn Okasan,101717,"Beauty, Cosmetic & Personal Care"
244152779046579,Bảo vệ Môi trường,2641,Organization
1427958647447374,Khoa Môi trường & Bảo Hộ Lao Động - ĐH Tôn Đức Thắng,3219,Community
279700948809778,Học nhiều thì hiểu được bao nhiêu - Vừa học vừa yêu mới hiểu nhiều,6494,Community Organization
273336679454151,Miền trung 24h,1127,News & Media Website
123452847819419,BẢO VỆ MÔI TRƯỜNG,3479,Community
556942390989698,Em Cứ Thế NgÂy Thơ Và Khờ Dại. Đến Bao Giờ Em Mới HiỂu Lòng Anh,6584,Community
1353708428044589,"Tìm hiểu về quản lý chất thải, bảo vệ môi trường trong hoạt động y tế",10352,Medical Company
280160378858113,:.♥.:SỐng trÊn đỜi mỚi cHỉ lÀ 1 nửA...biẾt bAo giỜ mỚi tÌm đưỢc nỬa thỨ 2...TrỜi sInh rA 1+1=2...sAo lẠi cÓ 2:2=1:.♥.: Không Thương :.♥.: Không Nhớ :.♥.: Không Mơ Mộng :.♥.: Không Buồn :.♥.: Không,3509,College & University
1916616791884022,Đọc Báo Tiếng Anh Mỗi Ngày,2586,Local Business
484240418333760,ĐỌC BÁO MỖI NGÀY,3559,Magazine
455550547862841,:.♥.:SỐng trÊn đỜi mỚi cHỉ lÀ 1 nửA...biẾt bAo giỜ mỚi tÌm đưỢc nỬa thỨ 2...TrỜi sInh rA 1+1=2...sAo lẠi cÓ 2:2=1:.♥.: Không Thương :.♥.: Không Nhớ :.♥.: Không Mơ Mộng :.♥.: Không Buồn :.♥.: Không,2207,Interest
1687534868053902,:.♥.:SỐng trÊn đỜi mỚi cHỉ lÀ 1 nửA...biẾt bAo giỜ mỚi tÌm đưỢc nỬa thỨ 2...TrỜi sInh rA 1+1=2...sAo lẠi cÓ 2:2=1:.♥.: Không Thương :.♥.: Không Nhớ :.♥.: Không Mơ Mộng :.♥.: Không Buồn :.♥.: Không,9383,College & University
673556862664259,Diễn đàn các Nhà báo Môi trường Việt Nam - VFEJ,2150,Non-Governmental Organization (NGO)
305540646270944,Báo Hay Mỗi Ngày,25013,Media/News Company
308994815886905,BaoMoi4,13706,Product/Service
153083241567471,:.♥.:SỐng trÊn đỜi mỚi cHỉ lÀ 1 nửA...biẾt bAo giỜ mỚi tÌm đưỢc nỬa thỨ 2...TrỜi sInh rA 1+1=2...sAo lẠi cÓ 2:2=1:.♥.: Không Thương :.♥.: Không Nhớ :.♥.: Không Mơ Mộng :.♥.: Không Buồn :.♥.: Không,1091,Work Position
1456579387986431,Báo clip mỗi ngày,35966,Fictional Character
412438868817843,Thẳng Tính Là Sai Hay Giả Nai Thiên Hạ Mới Thích,1340,Community
172334036153186,Thi Cử & Kiểm Tra Bao Giờ Mới Hết,6777,Artist
517485771732737,Tuổi Mới Lớn,1223,Community
519611078379802,Tin Nhanh,121875,TV Channel
774797096035961,Tin Nhanh 24h,69369,Media/News Company
295202983869471,Tin Nhanh,175466,News & Media Website
105823082789290,Tin Nhanh Bến Tre,56824,Public Figure
747740892012258,Tin nhanh,28450,Community
776975259116005,Tin Nhanh 24h,256869,News & Media Website
877428152421172,Tin Nhanh,66925,Business Service
1606850689539342,Tin Nhanh,117973,Software
835277303238070,Tin Nhanh,95874,Community
223033354515360,Tin Nhanh Trường THPT Nguyễn Huệ - Gia Lai,5284,Education
251652281711716,Vay Tín Chấp Nhanh,5125,Hair Salon
767767026579169,Tin nhanh Nghệ An,74585,News & Media Website
309990172764880,BDH Tin Nhanh,254347,Newspaper
1111954855482624,Tin nhanh 247,32503,Media/News Company
1554605198172253,DalatExpress.net - Tin Nhanh Đà Lạt,105020,Community Organization
707071472660742,TIN NHANH HỢP TÁC,88753,Cosmetics Store
1482919822002859,Chuyển Phát Nhanh TÍN PHƯỚC,9880,Cargo & Freight Company
952225864890854,Tin Nhanh Phú Quốc,9827,Media/News Company
2026749834274034,Tin Nhanh Việt Nam,15922,Community
950629618436450,Đại Kỷ Nguyên - Tin nhanh,57324,Website
1854818078181777,Tin Nhanh Đà Nẵng,4517,Community
302054819896498,Tin Nhanh 24h,4682,Movie
440288379369269,Tin Nhanh,33098,News & Media Website
373087386082646,Tin Nhanh Hà Tĩnh,33940,Media/News Company
1639636953031619,Tin nhanh Xứ Nghệ,111932,Media/News Company
284298648739925,Dịch Vụ Chuyển Phát Nhanh Tín Thành,11590,Business Service
505763186167318,Vay tín dụng Nhanh,3230,Product/Service
745663855514075,Thế Giới Tin Nhanh,33605,Media/News Company
1139867122705884,Tin Nhanh Chứng Khoán 24h,1342,Publisher
380857088714113,Tin Nhanh Hải Phòng 360,48096,Community
619457654775766,Tin nhanh Tiền Giang,4750,Magazine
136288993636748,BẢN TIN NHANH,6513,Product/Service
1564472367157024,Tin Tức Nhanh,2378,Website
1403000506589584,I'm HANUer - Tin Nhanh HANU,7518,Newspaper
147336825395230,Tin tức nhanh 24h,4966,Social Service
236223903186400,Thông Tin Nhanh,2324,Media/News Company
1070096399782518,Tin nhanh trong ngày,3945,Local Business
443279329395759,Đông Sun Quán - Chi nhánh Thường Tín,1788,Seafood Restaurant
1660084567553220,Tin Nhanh 24/7,1191,Business Service
1459170137629320,Báo Tin Nhanh,76503,Newspaper
161743407339449,Tin nhanh Phan Thiết,3311,News & Media Website
659335257586834,Vay tín chấp nhanh,3271,Financial Aid Service
433327306681225,Tin nhanh Chứng khoán,2469,Public & Government Service
1659069507479004,"Trường Dạy Lái Xe Máy - Oto Giá Rẻ, Học Nhanh, Uy Tin,Chất Lượng Tại Tp.HCM",1747,Transportation Service
1440861079534687,Tin Nhanh 3S,9621,Web Designer
111528505619061,NAPA Express - Tin nhanh Học viện Hành chính,12174,Education Website
352810921559937,"Vinaship - Giao Hàng Nhanh, Uy Tín",2135,Food Delivery Service
760272897508242,Vay tín chấp - Mở thẻ tín dụng - VPBank Chi nhánh Hà Nội,3018,Finance
1419065981690127,Tin Nhanh Liền Tay,255348,News & Media Website
999709103412460,Tin Nhanh Showbiz Việt,41960,News & Media Website
281755172156163,Tin nhanh pháp luật Nghệ An,1044,Community
279660035543674,In mác quần áo cho shop uy tín lấy nhanh 0979889369,5191,Product/Service
1675460119147204,"ĐƠN HÀNG ĐÀI LOAN - Cực Nhiều, Bay Nhanh",25595,Community
1732190803693991,Tin Nhanh,1013,Media/News Company
1935416453378345,Làm Bằng Giả Phôi Gốc Uy Tín Nhanh Toàn Quốc,4701,Accountant
1342327182546319,Kênh Tin Nhanh,1817,Website
1055427361258956,Cho Vay Tiền Trả Góp Nhanh,1244,Community
627784157294876,Tin Nhanh Bóng Đá,7401,Community
1055427361258956,Cho Vay Tiền Trả Góp Nhanh,1244,Community
627784157294876,Tin Nhanh Bóng Đá,7401,Community
418682908230257,Pikalong News - Tin nhanh Hải Phòng,1888,Community
1012555675430724,Công Ty Chuyển Phát Nhanh Nhất Tín,1225,Cargo & Freight Company
1794288560827196,Vay Tiêu Dùng - Uy Tín - Nhanh Gọn,1636,Cash Advance Service
1509851275926519,Đăng tin tuyển dụng - Tìm kiếm việc làm nhanh,5932,Recruiter
208230622965077,S Channel - Tin Nhanh,5321,TV Channel
1122185027806340,Bảo Tín Nhập Hàng Quảng Châu - Trung Quốc - Nhanh Đảm Bảo,19616,Business Supply Service
443279329395759,Đông Sun Quán - Chi nhánh Thường Tín,1788,Seafood Restaurant
1435506026689979,Rút Tiền Thẻ Tín Dụng - Đáo Hạn Nhanh,1655,Finance Company
999240446824388,Tin Tức Nhanh,1988,Magazine
202139790190418,Bảo Tín Chuyển Tiền Nhanh MoneyTransfer,6011,Credit Counseling Service
1555732371373470,Tin Nhanh Online 24/7,2708,Magazine
392854247574827,Tin Nhanh3,1284,Sports Team
1717687795131087,Tin Nhanh1,1589,Community
1421939144524827,Xe Nhanh- Thông tin và hỗ trợ,1170,Community
501866523315840,Tin Nhanh3,2177,Community
1636292933286643,Tin Nhanh7,1778,Community
1648460372078908,Tin Nhanh7,1212,Community
1407993212789320,Tin Nhanh 24/7,53927,Sports & Recreation
847337718727353,Tin Nhanhh,3886,Local Business
486672154840656,Tin nhanh bất động sản,1019,Real Estate Investment Firm
1638170733123359,Tin Nhanh75,1566,Community
266242750376940,"Chuyển phát nhanh uy tín, chuyển phát nhanh giá rẻ, chuyển phát nhanh đi mỹ",2964,Local Business
169988513520619,News Day - Tin nhanh hằng ngày,6097,News Personality
468715579966880,Tin Nhanh92,1421,Community
401159063419859,Báo Điện Tử Tin Nhanh,4448,Newspaper
255688781261265,Tin nhanh cap nhat 24h,177427,Website
157360657808628,Tin bóng đá siêu nhanh,22399,Sports Event
1449031408475648,"Du Học Đài Loan - Nhanh Chóng , Uy Tín , Chất Lượng",4555,DMV
364757203881275,Tin Nhanh TV,12812,TV Channel
959012820807660,Tindung365 - Giúp Vay Vốn Nhanh Uy Tín,3256,Financial Planner
1401834823414826,FC Bayern Munich - Tin nhanh,10898,Sports League
501843443305339,Xoá thông tin Garena uy tín  nhanh chóng 2016,12522,Shopping District
153004618219726,TIN TỨC BÓNG ĐÁ,9460,"Stadium, Arena & Sports Venue"
650309464993653,Trái Tim Đất Mũi,15100,Community
273805989410335,Tin nhanh Bóng Đá,3952,Sports League
241215169548200,Tin Nhanh Hải Phòng,2464,Community
739979116113591,Tin Nhanh 24H41,4819,Commercial Bank
877059012378107,Unofficial: Tin nhanh Real Madrid,1582,News Personality
745766625546731,Tin Nhanh 51,1330,Community
477518692350170,Báo VnExpress & Đời Sống Ngôi Sao - Tin Tức Nhanh Người nổi tiếng Showbiz,6091,Magazine
206868629350302,Tin Nhanh Gia Lai,2488,Community
1532006190411951,Tin Nhanh Store,12364,Entertainment Website
826221400828458,Tin Nhanh 9,1654,Community
168821846791901,Tin Nhanh 49,1161,Community
880662815304347,Tin Nhanh 17,1654,Community
557818137704592,Tin Nhanh 35,1703,Community
1617979825132740,Tin Nhanh 14,1167,Community
1701167183467157,Tin Nhanh 24 Giờ,2434,Community
1027081697310503,Tin Nhanh 71,1527,Community
517306248427281,Tin Nhanh 34,1279,Community
792488544134875,Tin Nhanh 24H,1042,Media/News Company
859257807547908,Tin Nhanh Ninh Thuận,1190,Community
155995698095248,etin24h.com Trang tin tức điện tử nhanh nhất Việt Nam,5764,Magazine
1492405167739134,Tin Nhanh 110,1758,Community
1164610460219630,Tin Nhanh 108,1327,Community
1634700463475666,Tin Nhanh 24H1,1521,Community
1891216011103903,Thuật Tin Nhanh,1619,Community
163321870671569,Tin Nhanh 111,1733,Community
194647780876654,Tin Nhanh 02-01,1641,Community
221196981581098,Tin Nhanh Xứ Thanh,1816,Local Business
173581166310781,Tin Nhanh 32,1076,Community
758153414294988,Tin Nhanh 42,1134,Community
149664811715568,Tin tức,6828,Magazine
428394240622814,Tin nhanh về môi trường Việt Nam,2089,Environmental Conservation Organization
457453181100546,Tin Nhanh0 Tin,2089,Community
558945534257483,Tin Nhanh5 Tin,1635,Community
727089437371775,Tin Tức Tổng Hợp -  Tin Nhanh 24h,1823,Magazine
127312217616354,Tin Nhanh1 Tin,3197,Community
295832660512499,Tin Nhanh Trong Ngày,3188,News & Media Website
445615755578007,Ở chợ cóc - Tin tức hàng ngày - Tin nhanh,2113,Community
1724538897778226,Tin Nhanh Mỗi Ngày,1556,Consulting Agency
245519125488859,TIN NHANH CÔNG NGHỆ topit.vn,2168,Community
1748550178701836,Tin Nhanh Manchester United,1376,Sports Team
1586166368314504,CuBin TaToo Tin Nhanh,1364,Community
1487247381596862,Siêu Vẹo Tin Nhanh1,1848,Community
624043014290650,Tin47.Net - Tin Nhanh 24h,1305,Entertainment Website
529612627190259,Tin Nhanh 24H04,1564,Community
1503406219928861,Tin Nhanh Manchester United.,3522,Sports Team
1663253920584257,Tin Nhanh 98 Tin,4822,Community
633433616774158,TIN NHANH VIỆT NAM 24 giờ,1035,Book
445788702273969,Kênh Thư Giãn2 Tin Nhanh,1453,Community
1473792936272652,Nhi Boutiquz Tin Nhanh,1106,Community
253232331517595,Zenka.vn - Tin nhanh công nghệ và truyền thông,17627,Website
392515814194069,Tin Tức Mới Mỗi Ngày,2196,Furniture
449961028543906,Tin tức mỗi ngày 90,1227,Local Business
687251178021499,"Thông tin du lịch, Tin tức du lịch,Chương trình tour trong nước, quốc tế",1181,Community
725682950924277,Trang tin tức,6701,Community
1337236569641527,Tin Tức Nha Trang,3931,Real Estate
557828617626212,Trang Tin Tức,4317,Entertainment Website
1594413160784994,Trang tin tức,2559,Community
1494452114196250,Trang Tin Tức,3068,Local Business
1682209962066037,Trang Tin Tức,2902,Local Business
208480932821358,Trang Tin Tức,2494,Local Business
1109467092411005,Trang Tin Tức,2002,Local Business
521724751342098,Trang Tin Tức,2096,Local Business
565514733476294,Trang tin tức Công Nghệ,7438,Media/News Company
1978179719169903,Tin tức Hà Nội,3983,News & Media Website
1567730206786865,Kênh Tin Tức,13530,Commercial Equipment
807148569398850,Tin Tức,1292,Community
392515814194069,Tin Tức Mới Mỗi Ngày,2196,Furniture
424793897705381,Trang Tin Tức Bất Động Sản,2439,Real Estate Title & Development
417251958318994,Tin Tức Công Nghệ,1275,College & University
392359137479869,Trang tin tức Newsdaily,8875,Media/News Company
124762977541894,Trang Tin Tức Nóng Hổi Tổng Hợp,5416,Local Business
188499057956502,Trang tin tức giảm giá_hotkhuyenmai.com,3332,Nonprofit Organization
349813855229942,"DJ Trang Moon, Tin tức và ảnh DJ Trang Moon",3553,Public Figure
654670554633795,Trang Tin Tức Hằng Ngày,5146,Business Service
1379017362403913,HI - Trang tin tức hoạt động cộng đồng,2984,Arts & Humanities Website
1755069564711395,Trang Tin Tức - Infinity News,1056,News & Media Website
1447228225584843,Góc Tin Tức,1410,Community
413921688711708,Trang tin tức tổng hợp - Tintuctravinh.vn,3516,Landmark & Historical Place
207561706082654,Link Nóng - Tin tức Nóng hổi mới ra lò. Trang tin tức tổng hợp,3638,Magazine
505176669530606,Trang tin tức Đám cưới Việt,1403,News & Media Website
370030046366204,Trang Tin Tức Nóng Hổi Tổng Hợp,4964,Local Business
155995698095248,etin24h.com Trang tin tức điện tử nhanh nhất Việt Nam,5764,Magazine
338184382932179,Nam Thanh - Nữ Tú Trường Cao Đẳng Sư Phạm TW Nha Trang,1036,Magazine
449961028543906,Tin tức mỗi ngày 90,1227,Local Business
654670554633795,Trang Tin Tức Hằng Ngày,5146,Business Service
1599242200336521,Tin Mới,8694,Personal Blog
343649529052966,Tin Mới,541497,DJ
1703285203225043,Tin Mới 24h,205937,Publisher
247790125754544,Tin Mới,37736,Business Service
269646396405852,Tin tức Mới Nhất,681600,Broadcasting & Media Production Company
1421298174751685,Tin Mới,78909,Magazine
1021258971237754,Tin Hot Mỗi Ngày,902335,Community
1881002681925365,Tin Mới,11225,Local Business
265784737238775,Tin Mới,1586,Media/News Company
485183481521417,Tin tức mới nhất trong ngày,316087,News & Media Website
187687794698930,Bản tin mới,295123,Community
263391844086580,Tin Mới Nhất,226851,Artist
669405133160840,Tin Tức Mới - 7Viet.com,955421,Media/News Company
221634438281128,Tin Tức Mới Nhất,350695,Artist
1454658321505670,Alo Tin Mới,62633,Education Website
1412152312236159,Tin Mới Nhât,71365,Business Service
938581242847775,Tin tức mới,8434,News & Media Website
246791682189293,Tin Tức Mới - 7Viet.com,382122,Media/News Company
1543972522504656,Tin hay mỗi ngày,663550,Community
575736112556888,Tin Môi Trường,4839,Environmental Conservation Organization
1387614937998274,Tin mới - ohla.vn,10621,Community Organization
693578954094759,Tin hot mỗi ngày,93817,Newspaper
392515814194069,Tin Tức Mới Mỗi Ngày,2196,Furniture
127625254101589,Thông Tin Bảo Vệ Môi Trường,4197,Environmental Conservation Organization
819770091378746,TinMoi,1888,Shopping & Retail
193647887644086,Tin Mới 24h,1052,Media/News Company
456079827762410,Trường Ngoại ngữ Tin học Thế Giới Mới - New World Language Training School,1469,Language School
1842567499342842,Tin Tức Trong Ngày,9542,News Personality
140121970009713,Tin Nóng,1919,Community
202699723455510,Tin mới,2366,Community
156244534550592,"Mua bán xe ô tô cũ mới - Cam kết uy tín, chất lượng, giá thành tốt nhất",4013,Automotive Dealership
1196900660436375,EXO - Tin tức mới nhất,2442,Community
1471963206431826,Tin mới 24h,20729,Society & Culture Website
1555161761233419,Thông Tin Phòng Trọ Thuê Nhà Mới Nhất Đà Nẵng - Fotro.vn,1095,Real Estate
534441786745645,Tin Mới 24h,1143,Community
440019003004966,Coin68 - Tin tức tiền điện tử mỗi ngày,7385,Media/News Company
187760504740774,Suy niệm TIN MỪNG mỗi ngày,13935,Community
1598733457062842,Tin Mới,2937,Community
189043331516627,Báo Net - Tin tức 24h mới nhất - baonet.mobi,6197,App Page
476328555861642,Tin Mới,1602,Computer Company
414501358943147,Thông tin mỗi ngày,4401,Nonprofit Organization
134261567209816,Tin Mới,4083,Personal Blog
1635497823378477,Tin mới,1026,Community
1944288002473534,Tin Sốc Mỗi Ngày,11565,Magazine
1606760559612079,Tin Mới,1073,Podcast
2140310852862311,Người Đưa Tin - Mỗi Ngày,3546,Magazine
838101596305201,Tin Mới,1033,TV Network
136028637145834,Tin Tức Mỗi Ngày,1512,Magazine
127834547975716,Tìm Tin Mới,1542,Magazine
79276294968,Tin tức | Tin mới | Tin trong ngày | Tin tức hàng ngày,13658,News & Media Website
344912665597828,Mối Sỉ Quần Áo Thể Thao - Uy Tín Giá Tốt,13774,Clothing (Brand)
307816119429487,Tin Hay Mỗi Ngày,5402,Health/Beauty
1438815153089312,Tin Mới 3S.Com Rơi Đồ Mất Đồ Hay Tin Tức Sự Kiện  Đến Bạn Chính Xác 100%,23759,Broadcasting & Media Production Company
788378281328177,Thông tin thuốc mới,2701,Community
386536781718805,Tin Tức Mới 7Viet.com,1108,Media/News Company
1756643571246832,Thông Tin Nhà Đất Dự Án Mới,10734,Product/Service
1504486386441380,Tin mới nổi bật,1492,Newspaper
255904954892955,Tin mới Vietnam,6608,Personal Blog
845453022200427,Tin mới 24 h,1176,Community
1792040407777710,Bình Thuận Ngày Mới - Tin tức nóng nhất 24 giờ qua,9352,Brand
152019638615187,Tin Nóng Mỗi Ngày,2725,Fashion Company
265441203802942,Tin tức mới nhất về lao động việt nam tại malaysia,3487,Community
358728581157046,"Laptopachau.vn -  Thương Hiệu Mua Bán Laptop Cũ, Mới Uy Tín số 1",2444,Computer Company
198046900393593,Đọc báo tin tức tin mới báo mới dân trí,1168,Website
386131855098880,Tin Báo Mới,1435,News Personality
1531725993713586,Tin mới cập nhật liên tục 24/7,1261,Recreation & Sports Website
806816349350530,TIN MỚI AZ,3969,Library
1469765743235548,Tuần Tin Mới,1879,Newspaper
1259791557413786,Tin Tức Mới,2021,Journalist
1135874026534897,Mỹ Phẩm Elly White - Cứu Tin Của Mọi Làn Da,2114,Province
383549661840468,"Bóng đá Biz - Tin bóng đá mới nhất, đầy đủ nhất",21772,Sports Team
322316271147728,"Hội tin hay, tin mới, tin giật gân online",1901,Community
146079699351996,Diệt mối TRUNG TÍN - Diệt mối tận gốc,1147,Community Service
950060048346410,Goldmark City - Cập Nhật Thông Tin Mới Nhất,3287,Real Estate
1626963654243592,"Tin Mới Mỗi Ngày, Video Hot",3392,Information Technology Company
1617133465204453,Tin Mới Nhất,3842,Community
417645175071205,Tin Mới Tuyển Sinh,1057,Community
1034409339985054,Tin Tức 24h Mới Nhất,1508,Library
524324487646203,"Tin tức cập nhật mới nhất về bất động sản Mỹ, tin di trú Mỹ",12478,Professional Service
222192857907541,Thể thao Tin mới,5701,Media/News Company
457921494316173,Tin Mới Trong Ngày,5633,Community
705758642791019,Cho thuê NHÀ Ở NHÀ TRỌ VÀ VĂN PHÒNG giá rẻ nhất Hà Nội tin mới nhất,1034,Public Figure
130378510651242,BUSF - Điểm Tin Mỗi Ngày,1942,Community
1411597739169756,Tin nóng mới nhất,127136,News & Media Website
234755510215732,Tin Tức Mới Nhất Trong Ngày,1417,Local Business
388639954645932,Tin tức mới,1481,Community
1538679416367348,TIN TỨC MỚI,1396,Media/News Company
328528507492833,Queen - Tự tin xinh đẹp mỗi ngày,1860,Makeup Artist
477290985803828,60 giây tin nóng Môi Trường,1850,Community Organization
1638965159745968,Tin Hot Mỗi Ngày,1626,Community
404196683006759,Tin Việt Nam mới,7254,Entertainment Website
102903073152941,NewVnnews - Tin Việt Nam mới,3818,Recreation & Sports Website
1447795238791653,Chuyên Bán Vertu Chính Hãng Cũ Mới Uy Tín Giá Tốt Tại HCM,3641,Mobile Phone Shop
114261355656825,Tin Tức chất độc mới,1658,Entertainment Website
110596149282092,Điểm Tin Mỗi Ngày,468750,Community
969792433041918,Điểm Tin Mỗi. Ngày,3207,Community
827443984086701,Mọi Thời Đại,2067,Community
301844673281431,Áo Cưới Infinity,34263,Bridal Shop
953682018051141,Guitar sinh viên,15131,Arts & Entertainment
1636117833299466,"Trung tâm dạy học Guitar ""5T""",35180,Musical Instrument Store
246879659109383,Mua bán máy tính cũ - mới tin học minh an,52707,Business Service
900000520015983,Công ty TNHH Tin Học Tầm Cao Mới - Đại Lý Google,14877,Business Service
1619182661676159,Sầu Riêng Sài Gòn Đầu Mối Cung Cấp Sỉ Lẻ Uy Tín Chất Lượng,1291,Shopping Service
393184167505132,Tin tức Việt Nam,14843,Community
576564245827107,Tin tức Việt Nam,9190,Media/News Company
1466317720357974,Tin Tức Việt Nam,20900,Media/News Company
387594044698484,TIN TỨC VIỆT NAM,1382,Community
808589722552019,TIN TỨC VIỆT NAM,1235,Community
1579878982315869,Tin Tức Y Tế Việt Nam,160365,Health/Beauty
1493405387637434,Tin tức Yu-Gi-Oh Việt Nam,4877,Community
373742676143466,Tin tức Việt Nam,1393,Community
349771088702998,VFF Tin Tức Bóng Đá Việt Nam,1128,"Stadium, Arena & Sports Venue"
110688422945094,Tin Tức Công Giáo Việt Nam,2867,Pentecostal Church
456146231199204,TIN TỨC VIỆT NAM,5142,News & Media Website
328292210642892,Tin Tức Việt Nam,6185,Community
490092534499433,Kênh Tin Tức Việt Nam,7290,Business Service
381799025180152,"Tin tức thời sự, chính trị, kinh tế, xã hội Việt Nam",39551,Media/News Company
790828757714118,Tin Tức Quản Lý Thị Trường Việt Nam,6102,Government Organization
428990783960641,Tin tức Audio,2001,Community
204156036772203,Tin tức Việt Nam,1160,Media/News Company
481074112083476,Tin Tức Pháp Luân Công và Môi Trường  tại Việt Nam,1809,Community
555941787881424,TIN TỨC VIỆT NAM,1518,Political Organization
842270315863219,Tin tức Ô Tô Xe Máy Việt Nam,1941,News & Media Website
348623782002622,TIN TỨC VIỆT NAM,1226,Community
1565935907029273,Newsvina.com - Tin tức Việt Nam,53112,Entertainment Website
121923471327215,Congtin.vn - Cổng tin tức việt nam online,1909,Community
473432746117496,Tin Tức Việt Nam,47451,Community
1467247990210748,TIN TỨC VIỆT NAM 24H,4469,Newspaper
1570701036534167,TIN TỨC VIỆT NAM,1320,Community
882799738410485,Tin tức Việt Nam,1551,Artist
1104299586249650,TIN TỨC Bbc VIỆT NAM,5465,Newspaper
327935867297100,Cầu Vồng Lục Sắc - Tin tức LGBT Việt Nam & Thế giới,3156,Magazine
1079345858760141,Tin Tưc Việt Nam,1828,Community
648300098608876,TIN TỨC VIỆT NAM,1188,Community
748198341936907,Tin Tức Việt Nam,3533,News Personality
1017644904914003,Tin Tức Việt Nam,5626,Community
1558869034373188,Tin Tức . Sự Kiện . CF VIỆT NAM,1354,Personal Website
348701998656692,Tin tức Việt Nam,1028,Community
677313732372979,Tin Tưc Việt Nam,1056,Community
486790944700435,Tin tức Việt Nam,1133,Community
1439878746321750,Tin Tưc Việt Nam,1001,Community
254554394740349,Tin Tức Tập Đoàn Bưu Chính - Viễn Thông Việt Nam,1223,Telecommunication Company
502530599916794,Công ty Cổ Phần Thương Mại và Tin Tức Truyền Thông Việt Nam,10030,Local Business
221213124920543,"Diễn đàn, tin tức Việt Nam, thời sự quốc tế",7574,Magazine
265441203802942,Tin tức mới nhất về lao động việt nam tại malaysia,3487,Community
297143163719375,Tin tức Việt Nam - TTVN,1735,Magazine
577910612284909,Tin tức Việt Nam & Quốc tế,2403,News & Media Website
427640487260244,Tin tức Việt Nam 24h,18873,Website
1467484616871487,Tin Tức Khoa Học - Kỹ Thuật - Quân Sự Việt Nam,1522,Community
149664811715568,Tin tức,6828,Magazine
577424162303087,Newsvina.com - Tin tức Việt Nam Góc Thư Giãn +,12178,Entertainment Website
500482223349848,Viet News - Tin tức Việt Nam,7363,Internet Company
155995698095248,etin24h.com Trang tin tức điện tử nhanh nhất Việt Nam,5764,Magazine
126897820811412,Cổng tin tức SNSD Việt Nam - Snsd.com.vn,10290,Artist
286214811545052,Tin Tức Nóng VietNam Racing - Đại Hội Tốc Độ,6178,Community
1697577887137930,Tin Tức Vũ Khí Quân Đội Việt Nam & Thế Giới,1116,Website
790662741089186,"Tìm kiếm việc làm tại KCN Phố Nối,Như Quỳnh,Thăng Long Hưng Yên",2705,Community Organization
1594865044146624,Tin Tức & Cuộc Sống,3282,Local & Travel Website
410892812277692,Thời sự VTV,529819,TV Show
1613906975307896,Thời Sự Nóng,492186,Community
1522974791337949,Thời sự 24h nóng,257659,TV Show
1451994288425291,Thời Sự Trong Nước,468248,Community
727015270780503,Thời sự 24H,7991,Musician/Band
1803131289980147,TIN THỜI SỰ,25381,Media/News Company
1925792187650842,Thời Sự 24h,84268,Newspaper
106406856400529,Thời Sự,53695,Community
1509972449019358,Thời Sự Online,160167,Community
550796985284905,Thời Sự Nóng,7048,Community
342201585956095,RUBIK Thời sự - Kênh QPVN,18856,TV Channel
1060477207350211,THỜI SỰ THLC,12920,TV Channel
129410377262610,Thời sự 24h,48140,Personal Blog
803355849819232,Thời Sự Plus,47812,Community Organization
510879829111952,Thời sự - Tvnet.gov.vn,38322,TV Network
575969339174163,Thời trang MI SU,20473,Clothing (Brand)
715169755294117,Thời Sự 24h,50980,Personal Blog
937450752970032,Tin Tức Thời Sự Cho Người Việt Tại Malaysia,30211,News & Media Website
105894303147212,Thời sự HaNoi.TV,1818,Media/News Company
421330731580681,Thời Sự 24h,76871,Newspaper
532651176784557,Thời sự Việt Nam,4246,Public Figure
783258468358637,Thời Sự,25590,Tour Agency
886431921404233,Tin Tức Thời Sự,47541,News & Media Website
381799025180152,"Tin tức thời sự, chính trị, kinh tế, xã hội Việt Nam",39551,Media/News Company
1304268722944992,Thời sự Hà Tĩnh,5558,Media Agency
295739020897911,Thời Sự - News,21915,TV Show
539844462856181,Thời sự VN,11059,Local Business
977553309030190,Thời Sự 24h,2267,TV Channel
235474760210963,Rạp Phim Tuyển Nhân Sự Thời Vụ,13455,Movie
304097509786803,Thời Sự 24H,12625,News & Media Website
1630460053944986,"Trang sức, phụ kiện thời trang nam Pytago",62976,Accessories
926949097338833,Kênh Thời Sự,24842,Newspaper
724927140882341,Thời Trang SUSI,6055,Clothing (Brand)
487350801344021,Sunfly - Thời trang mặc nhà cao cấp,146148,Clothing (Brand)
141766139774026,Thời sự 24h,1976,TV Channel
324118100938505,Thời sự - Báo Tin Tức,3623,Government Organization
368276153378614,Thời sự,2358,News Personality
1688786818026009,"Vòng cổ phụ kiện, trang sức thời trang - hằng teen",18222,Accessories
1241509139208843,Thời sự Thanh Chương,2977,TV Channel
272404073183541,Bản tin thời sự VTV,1084,News & Media Website
725539717654301,SURI AN ĐÔNG - Thời Trang Nữ Cao Cấp chuyên sỉ và lẻ HCM,15191,Women's Clothing Store
250503968447881,THỜI SỰ TOÀN CẢNH,3641,Community
879569702131362,"Túi xốp nylon, nilon PP, PE trong suốt shop thời trang",2631,Moving Supply Store
1552983541621985,Thời trang The Sun,27953,Clothing Store
834119096746329,"Gymshop Thanh Hoá, Thời Trang Gym, phụ kiện, sữa thể hình.",1588,Gym/Physical Fitness Center
1344213375677074,SUMO- Thời Trang Béo,9461,Women's Clothing Store
119391502050729,Thời Trang SuSu,2136,Women's Clothing Store
153807628109651,Sùn Shop,28975,Clothing Store
632797013568048,Công ty In Vải Thời Trang Gia Cát,6930,Business Service
1858356697737392,Tin tức - Thời sự Chính trị,2514,TV Show
366917660391219,Bản tin thời sự,12866,Personal Blog
1483484755212083,"Thời trang Áo dài, sườn xám Thượng Hải, váy, trang phục truyền thống",6204,Fashion Designer
486098565066173,Thời Sự VTV1,1258,TV Channel
1502383810010362,Trung Phong Tam Thời Hệ Niệm Pháp Sự,8857,Community
881761228642946,Suri Shop - Thời Trang Trẻ Em Xuất Khẩu,1116,Baby Goods/Kids Goods
1873561746258264,SUMO STORE,381736,Product/Service
508414489313744,Suri House - chuyên sỉ lẻ thời trang nhập - thiết kế,11693,Women's Clothing Store
1154016021300807,Xem Thời Sự,3661,Video
1597670077175842,Sumi Kids thời trang trẻ em cao cấp,21784,DJ
1040101609398612,Thời sự Việt Nam,5669,Community
1771572456419387,Tin Tức Thời Sự 24H,2603,Journalist
228642223954876,"Avatar - Tin tức, Thời sự",8287,Community
706173002818210,Thời sự 60 Giây,1778,Community
1929416023996553,SUPER KIDS - Thời trang cho MẸ và BÉ,1122,Clothing (Brand)
417619711763884,Thời Sự 60s,3922,TV Show
619584668196908,"Super Junior, Suju, ELF - Thiên đường thời trang",3001,Clothing Store
421195797917467,Thời Sự Việt Nam,8099,Education Website
1410839112550017,Thời sự Việt Nam,1099,Community
989650654456635,SÁCH SỰ THẬT-Chúa Giêsu Sắp Quang Lâm-Thời Cuối.,1022,Personal Website
1458328411049120,Thời Sự 360,2077,Public Figure
1578028585844681,Thời Trang Mẹ Sữa BUBI,2476,Clothing (Brand)
634524756750096,Suri Kids - Thời Trang Trẻ Em Quảng Châu,7771,Baby & Children's Clothing Store
465896426934142,Thời Sự VTV 24h,1938,Phone/Tablet
727772814075202,Thời trang trang sức Ana,5382,Business Service
210532539341814,Tin tức thời sự,1054,Community
221213124920543,"Diễn đàn, tin tức Việt Nam, thời sự quốc tế",7574,Magazine
187216548134312,Tin thời sự,4652,News & Media Website
386472184790438,BẢN TIN THỜI SỰ,2754,Radio Station
616033175184366,Suarez Shop - Thời trang NAM các loại,22878,Men's Clothing Store
326223711138802,Thời Sự TV,3005,Community
675342952491087,Bản Tin Thời Sự - News,2416,Nonprofit Organization
178694862475741,Thời sự Quảng Trị,1502,Social Club
1433607763532798,Tin Thời Sự Mỗi Ngày,1344,Community
1652027695033146,Kênh Thời Sự,1523,Community
125534021115996,Kênh Thời Sự,1216,Community
1454702911502317,Kênh Thời Sự,1168,Community
444595285726165,Kênh Thời Sự,1166,Community
919223761476040,Kênh Thời Sự,1168,Personal Blog
421324961302342,Thời sự VNE,6438,Media/News Company
407615356265266,Summer Shop - Thời trang biển,5828,Clothing Store
1680257882203301,Kênh Thời Sự,1470,Community
380105758866576,Kênh Thời Sự,1204,Community
1466991726933020,Kênh Thời Sự,1212,Community
315679188875632,Katina accessories - Phụ Kiện Trang Sức Thời Trang,6046,Clothing Store
338700386313010,Thời sự Chó & Mèo,1492,TV Show
511041022346513,Thời Sự Đà Nẵng - Tin Tức Đà Nẵng Online,6233,Professional Service
437860992987022,Tin Tức Thời Sự,7803,Magazine
271849196208339,Thời Sự 24h,1060,Movie
1612142855737838,Kênh Thời Sự,1137,Community
1673510486205621,Kênh Thời Sự,1023,Community
1024711947546981,"Kat's Shop - Trang sức, Phụ kiện thời trang - Cosplay.",8185,Clothing Store
1460788510915775,"HẠ Studio - Chụp ảnh Thời trang, Sự kiện, Kỷ yếu",2206,Arts & Entertainment
201207373610814,Thời trang Suboy,2429,Men's Clothing Store
538584799511969,Dovaro - Túi xách - Thời trang & Trang sức xuất khẩu,11258,Bags/Luggage
722929287784138,"Chụp ảnh tốt nghiệp, ảnh thời trang, ảnh sự kiện, ảnh cưới",9907,Professional Service
117270399005555,Summer House - Chuyên Váy Đầm thời trang,2745,Women's Clothing Store
179127212281628,BÊ SỮA HOUSE - Chuyên order hàng thời trang chính hãng - Hàng AUTH,4032,Fashion Company
621054251265464,Sức Khỏe & Đời Sống,8456,Health/Beauty
1012736225427372,Kênh Thời Sự,1067,Just For Fun
1639468659695274,"Sugar Baby - Chuyên thời trang trẻ em, sơ sinh",30234,Baby & Children's Clothing Store
1844255619165781,Thời Sự Nóng,2595,Magazine
122213608184311,Tin Thời Sự,2087,Sports Team
485869494833910,Sujunewsvn Thời Trang,10451,Men's Clothing Store
1165909433522535,Bản Tin Thời Sự 365,12528,Community Organization
114851365192460,Tạp Chí Hương Việt,13730,Magazine
1547411022170704,Tin Tức_Thời Sự_24/7,3301,Community
496299140568913,Đồ trang sức phụ nữ dây chuyền bông tai nhẫn đẹp thời trang cao cấp tphcm,1274,Motor Vehicle Company
371778569964692,Đồng hồ thời trang chính hãng - Su Shop,5481,Jewelry & Watches Store
616813458452745,Tin nóng & thời sự an ninh giải trí,4147,News & Media Website
326072044420375,Verovals Store - Thời trang vì sức khoẻ,1694,Shopping & Retail
386859468079962,Su Boutique - Thời trang xuất khẩu,22526,Clothing Store
596129444066956,Shop Thời Trang Sun Flower,4994,Personal Blog
577453158975794,Uchin Store ( thời trang siêu cấp - super,5856,Clothing (Brand)
1284012651738489,"Tin Thời Sự .Net, tin tức thời sự 24h",1001,Society & Culture Website
885999081461217,"Thời Trang, Sức Khỏe và Đời Sống",5772,Clothing (Brand)
219161971571523,OBAKU.vn Thời Trang  Trang Sức  Phụ Kiện,15681,Company
182967298725115,"Xưởng Tóc Giả Xinh- Chuyên Sỉ, LẺ Các Loại Tóc Thời Trang- 100% Hàng Loại 1",14123,Wig Store
